GROUP,PACKAGE,CLASS,INSTRUCTION_MISSED,INSTRUCTION_COVERED,BRANCH_MISSED,BRANCH_COVERED,LINE_MISSED,LINE_COVERED,COMPLEXITY_MISSED,COMPLEXITY_COVERED,METHOD_MISSED,METHOD_COVERED
notification-service,com.notificationservice.ratelimit,BucketRateLimiter,0,75,0,2,0,19,0,8,0,7
notification-service,com.notificationservice.ratelimit,RateLimitResult,0,30,0,0,0,4,0,4,0,4
notification-service,com.notificationservice.scheduler,NotificationScheduler,74,87,5,3,15,24,4,5,1,4
notification-service,com.notificationservice.channel,TransientChannelException,5,4,0,0,1,1,1,1,1,1
notification-service,com.notificationservice.channel,PushChannelDispatcher,8,47,1,1,1,12,1,5,0,5
notification-service,com.notificationservice.channel,ChannelDispatcherFactory,34,4,2,0,9,1,3,1,2,1
notification-service,com.notificationservice.channel,InAppChannelDispatcher,15,38,4,2,1,10,3,5,0,5
notification-service,com.notificationservice.channel,EmailChannelDispatcher,9,51,1,1,3,14,1,6,0,6
notification-service,com.notificationservice.channel,RetryAwareChannelDispatcher,30,143,1,1,6,35,1,2,0,2
notification-service,com.notificationservice.channel,AbstractChannelDispatcher,54,77,1,3,8,16,1,7,0,6
notification-service,com.notificationservice.channel,SmsChannelDispatcher,14,58,3,3,1,13,3,6,0,6
notification-service,com.notificationservice.idempotency,RedisIdempotencyStore,64,0,4,0,17,0,6,0,4,0
notification-service,com.notificationservice,NotificationServiceApplication,5,3,0,0,2,1,1,1,1,1
notification-service,com.notificationservice.command,NotificationDispatchCommand,39,4,0,0,8,1,1,1,1,1
notification-service,com.notificationservice.controller,ReportController,0,13,0,0,0,2,0,1,0,1
notification-service,com.notificationservice.controller,TenantController,35,23,0,0,7,4,4,3,4,3
notification-service,com.notificationservice.controller,AuthController,0,10,0,0,0,2,0,1,0,1
notification-service,com.notificationservice.controller,ChannelConfigController,12,23,0,0,2,4,1,2,1,2
notification-service,com.notificationservice.controller,NotificationController,56,28,0,2,12,5,4,2,4,1
notification-service,com.notificationservice.controller,TemplateController,37,27,0,0,7,6,3,2,3,2
notification-service,com.notificationservice.service,TemplateService,79,32,3,1,16,9,7,1,5,1
notification-service,com.notificationservice.service,ReportService,1,143,1,5,0,22,1,4,0,2
notification-service,com.notificationservice.service,ChannelConfigService,12,47,1,1,1,12,3,3,2,3
notification-service,com.notificationservice.service,NotificationService,142,72,3,3,38,24,9,4,7,3
notification-service,com.notificationservice.service,AuthService,5,56,0,2,0,14,1,3,1,2
notification-service,com.notificationservice.service,TenantService,129,59,2,2,24,14,9,4,8,3
notification-service,com.notificationservice.pipeline,IdempotencyHandler,29,63,2,6,7,19,3,5,1,3
notification-service,com.notificationservice.pipeline,TemplateRenderHandler,4,138,3,11,1,36,4,9,1,5
notification-service,com.notificationservice.pipeline,NotificationHandlerChain,0,32,0,2,0,8,0,3,0,2
notification-service,com.notificationservice.pipeline,RateLimitHandler,2,127,0,6,1,24,1,9,1,6
notification-service,com.notificationservice.pipeline,NotificationPipeline,15,0,0,0,5,0,1,0,1,0
notification-service,com.notificationservice.pipeline,DispatchHandler,5,139,1,5,1,38,2,7,1,5
notification-service,com.notificationservice.pipeline,ValidationHandler,34,77,2,4,5,19,5,3,3,2
notification-service,com.notificationservice.pipeline,TenantStatusHandler,21,0,2,0,6,0,4,0,3,0
